sub_id,chapter_id,ques_id,questions,option_a,option_b,option_c,option_d,correct_ans,description,difficulty_level
103,9,311,Which of the following is not a method of asexual reproduction?,Binary fission,Budding,Fragmentation,Fertilization,D,,2
103,7,312,"In humans, how many chromosomes are present in a normal somatic cell?",46,23,44,48,B,,1
103,2,313,Which process involves the fusion of male and female gametes?,Fertilization,Implantation,Gestation,Parturition,A,,1
103,9,314,Where does fertilization usually occur in humans?,Uterus,Ovary,Fallopian tube,Vagina,C,,2
103,16,315,What is the function of the placenta during pregnancy?,Exchange of nutrients and waste materials,Production of hormones,Protection of the fetus,Production of red blood cells,A,,3
103,5,316,Which hormone is responsible for the development and maintenance of male secondary sexual characteristics?,Testosterone,Estrogen,Progesterone,Follicle-stimulating hormone (FSH),A,,2
103,17,317,The transfer of pollen grains from the anther to the stigma is called:,Fertilization,Pollination,Seed dispersal,Germination,B,,1
103,3,318,What is the primary reproductive organ in females?,Ovary,Uterus,Vagina,Cervix,A,,1
103,11,319,What is the process of the release of an unfertilized egg and the lining of the uterus called?,Ovulation,Oogenesis,Menstruation,Fertilization,C,,2
103,7,320,What is the gestation period in humans?,9 months,6 months,12 months,3 months,A,,3
103,8,321,Which of the following is a type of sexual reproduction in plants?,Binary fission,Budding,Fragmentation,Pollination,D,,1
103,5,322,Where does spermatogenesis occur in males?,Ovary,Uterus,Fallopian tube,Testis,D,,2
103,18,323,What is the process of the fusion of male and female pronuclei in the zygote called?,Zygote formation,Blastocyst formation,Implantation,Syngamy,A,,1
103,12,324,"In humans, the embryo gets embedded in the:",Ovary,Uterus,Cervix,Fallopian tube,B,,1
103,9,325,What is a barrier method of contraception?,Oral contraceptive pills,Intrauterine devices (IUDs),Rhythm method,Condoms,D,,2
103,20,326,The release of milk from the mammary glands is called:,Ovulation,Lactation,Parturition,Menstruation,B,,1
103,18,327,What is the primary sex organ in males?,Testis,Penis,Scrotum,Urethra,A,,1
103,19,328,What is the process of the release of an ovum from the ovary called?,Menstruation,Oogenesis,Fertilization,Ovulation,D,,2
103,19,329,Which hormone is responsible for the development of the female reproductive system?,Testosterone,Estrogen,Progesterone,Follicle-stimulating hormone (FSH),B,,1
103,1,330,What is a natural method of contraception?,Condoms,Oral contraceptive pills,Intrauterine devices (IUDs),Rhythm method,D,,3
103,6,331,What is the process of fertilization in humans?,Fusion of sperm and ovum,Implantation in the uterus,Development of the fetus,Formation of zygote,A,,1
103,15,332,What is the function of the placenta during pregnancy?,Exchange of nutrients and waste,Protection of the fetus,Gas exchange,Hormone production,A,,2
103,4,333,What is the role of hormones in the menstrual cycle?,Regulation of the menstrual cycle,Development of secondary sexual characteristics,Initiation of ovulation,Fertilization of the egg,A,,3
103,13,334,What are the stages of embryonic development in animals?,"Cleavage, gastrulation, organogenesis","Fertilization, implantation, development","Gametogenesis, fertilization, development","Mitosis, meiosis, reproduction",A,,1
103,20,335,What are the types of asexual reproduction?,"Binary fission, budding, regeneration","Fragmentation, parthenogenesis, vegetative propagation","Sexual reproduction, asexual reproduction, fission","Sporulation, cloning, grafting",A,,2
103,4,336,How does mitosis differ from meiosis?,"Mitosis produces diploid cells, meiosis produces haploid cells","Mitosis produces identical cells, meiosis produces genetically diverse cells","Mitosis occurs in somatic cells, meiosis occurs in germ cells","Mitosis has one division, meiosis has two divisions",A,,3
103,5,337,What is the significance of pollination in plants?,Transfer of pollen from anther to stigma,Formation of seeds and fruits,Production of nectar for pollinators,Production of pollen grains,A,,1
103,7,338,How do gametes differ from somatic cells?,"Gametes are haploid, somatic cells are diploid","Gametes have half the number of chromosomes, somatic cells have the full set","Gametes are involved in sexual reproduction, somatic cells are involved in growth and development","Gametes have different DNA, somatic cells have identical DNA",A,,2
103,8,339,What are the methods of contraception?,"Barrier methods, hormonal methods, sterilization","Natural methods, emergency contraception, intrauterine devices","Surgical methods, behavioral methods, emergency contraception","Barrier methods, hormonal methods, surgical methods",A,,3
103,10,340,What is the role of DNA in inheritance?,Carries genetic information from parents to offspring,Determines physical traits of individuals,Regulates gene expression,Controls protein synthesis,A,,1
103,17,341,What is the role of DNA polymerase in DNA replication?,Adds nucleotides to the growing DNA strand,Unwinds and separates the DNA double helix,Proofreads and repairs the DNA sequence,Initiates the replication process,A,,2
103,5,342,What is the function of RNA in protein synthesis?,Transfers genetic information from DNA to the ribosome,Carries amino acids to the ribosome for protein assembly,Serves as a template for DNA replication,Regulates gene expression,A,,3
103,1,343,What is the purpose of the lac operon in bacteria?,Regulates the expression of genes involved in lactose metabolism,Controls the replication of bacterial DNA,Facilitates protein synthesis in bacterial cells,Mediates the transfer of genetic material between bacterial cells,A,,1
103,10,344,What is the role of ribosomes in protein synthesis?,Facilitate the assembly of amino acids into proteins,Carry genetic information from DNA to the cytoplasm,Generate ATP for cellular energy,Package and transport proteins within the cell,A,,2
103,4,345,What is the function of tRNA molecules in translation?,Deliver amino acids to the ribosome,Transcribe DNA into RNA,Initiate protein synthesis,Regulate gene expression,A,,3
103,14,346,What is the role of the nucleus in eukaryotic cells?,Stores and protects the genetic material,Synthesizes proteins for cellular functions,Converts sunlight into chemical energy,Controls the movement of materials into and out of the cell,A,,1
103,17,347,What is the function of the Golgi apparatus in cells?,"Modifies, sorts, and packages proteins for transport",Produces energy through cellular respiration,Regulates cell division and growth,Stores and releases neurotransmitters in nerve cells,A,,2
103,11,348,What is the role of the cell membrane in cells?,Regulates the movement of substances in and out of the cell,Generates energy through photosynthesis,Provides structural support for the cell,Carries out cellular respiration,A,,3
103,16,349,What is the function of the mitochondria in cells?,Produces energy through cellular respiration,Stores genetic information in the form of DNA,Synthesizes proteins for cellular functions,Packages and transports proteins within the cell,A,,1
103,4,350,What is the role of lysosomes in cells?,Break down waste materials and cellular debris,Regulate cell division and growth,Generate ATP for cellular energy,Store and release neurotransmitters in nerve cells,A,,2
103,14,351,What is the function of the endoplasmic reticulum in cells?,Synthesizes proteins and lipids for cellular functions,Carries out photosynthesis in plant cells,Stores genetic information in the form of DNA,Regulates cell division and growth,A,,3
103,16,352,What is the purpose of meiosis in sexual reproduction?,Produces haploid gametes with genetic variation,Generates identical cells for growth and repair,Facilitates DNA replication in somatic cells,Maintains the diploid chromosome number in the offspring,A,,1
103,20,353,What is the function of the centrioles in animal cells?,Play a role in cell division and formation of the spindle apparatus,Synthesize proteins for cellular functions,Store and release neurotransmitters in nerve cells,Provide structural support for the cell,A,,2
103,8,354,What is the role of the chloroplasts in plant cells?,Carry out photosynthesis to convert sunlight into chemical energy,Synthesize proteins for cellular functions,Store genetic information in the form of DNA,Regulate cell division and growth,A,,3
103,9,355,What is the purpose of the cell wall in plant cells?,Provides structural support and protection for the cell,Regulates the movement of substances in and out of the cell,Generates energy through cellular respiration,Stores and releases neurotransmitters in nerve cells,A,,1
103,9,356,What is the function of the vacuole in plant cells?,"Stores water, nutrients, and waste materials",Synthesizes proteins for cellular functions,Generates ATP for cellular energy,Controls the movement of materials into and out of the cell,A,,2
103,1,357,What is the role of the nucleolus in cells?,Produces ribosomes for protein synthesis,Regulates gene expression,Converts sunlight into chemical energy,Controls the movement of materials into and out of the cell,A,,3
103,13,358,What is the purpose of the cytoskeleton in cells?,Provides structural support and maintains cell shape,Synthesizes proteins for cellular functions,Generates ATP for cellular energy,Packages and transports proteins within the cell,A,,1
103,3,359,What is the function of the cilia and flagella in cells?,Facilitate movement and locomotion,Regulate cell division and growth,Generate ATP for cellular energy,Store and release neurotransmitters in nerve cells,A,,2
103,3,360,What is the role of the peroxisomes in cells?,Break down fatty acids and detoxify harmful substances,Synthesize proteins for cellular functions,Store genetic information in the form of DNA,Regulate cell division and growth,A,,3
