Keyword,Topic
Point mutation,Genetic Mutations
Frameshift mutation,Genetic Mutations
Deletion,Genetic Mutations
Insertion,Genetic Mutations
molecule,DNA and Protein Synthesis
mRNA,DNA and Protein Synthesis
tRNA,DNA and Protein Synthesis
rRNA,DNA and Protein Synthesis
DNA,DNA and Protein Synthesis
complementary,mRNA sequence
genetic disorder,Genetic Disorders
Phenylketonuria (PKU),Genetic Disorders
Sickle cell anemia,Genetic Disorders
Cystic fibrosis,Genetic Disorders
Hemophilia,Genetic Disorders
technique,Genetic Techniques
Polymerase chain reaction (PCR),Genetic Techniques
Gel electrophoresis,Genetic Techniques
