sub_id,chapter_id,match_id,ques_id,questions,col_a,col_b,option_a,option_b,option_c,option_d,correct_ans,difficulty_level
103,8,,,Match the following columns and select the correct option,"Placenta,Zona pellucida, Bulbo-urethral glands,Leydig cells","Androgens,Human Chorionic Gonadotropin hCG, Layer of the ovum,Lubrication of the penis",(iii) (ii) (iv) (i),(ii) (iii) (iv) (i),(iv) (iii) (i) (ii),(i) (iv) (ii) (iii),b,1
103,2,,,Match the following columns and select the correct option,"Bt cotton,Adenosine deaminase deficiency,RNAi,PCR","Gene therapy,Cellular defence,Detection of HIV infection,Bacilus thuringiensis",(ii) (iii) (iv) (i),(i) (ii) (iii) (iv),(iv) (i) (ii) (iii),(iii) (ii) (i) (iv),c,2
103,4,,,Match the following columns and select the correct option,"6-15 pairs of gill slits,Heterocercal caudal fin,Air bladder,Poison sting","Trygon,Cyclostomes,Chondrichthyes,Osteichthyes",(iv) (ii) (iii) (i),(i) (iv) (iii) (ii),(ii) (iii) (iv) (i),(iii) (iv) (i) (ii),c,1
103,1,,,Match the following columns and select the correct option,"Floating ribs,Acromion,Scapula,Glenoid cavity","Located between second and seventh ribs,Head of the Humerus,Clavicle,Do not connect with the sternum",(iii) (ii) (iv) (i),(iv) (iii) (i) (ii),(ii) (iv) (i) (iii),(i) (iii) (ii) (iv),b,1
103,16,,,Match the following columns and select the correct option,"Organ of Corti,Cochlea,Eustachian tube,Stapes","Connects middle ear and pharynx,Coiled part of the labyrinth,Attached to the oval window,Located on the basilar membrane",(iv) (ii) (i) (iii),(i) (ii) (iv) (iii),(ii) (iii) (i) (iv),(iii) (i) (iv) (ii),a,2
103,15,,,Match the following columns and select the correct option,"Placenta, Zona pellucida, Bulbo -urethral  glands, Leydig cells","Androgens, Human Chorionic  Gonadotropin hCG, Layer of the ovum, Lubrication of the  penis",(iii) (ii) (iv) (i),(ii) (iii) (iv) (i),(iv) (iii) (i) (ii),(i) (iv) (ii) (iii),b,1
103,19,,,Match the following columns and select the correct option.,"Bt cotton, Adenosine  deaminase  deficiency, RNAi, PCR","Gene therapy, Cellular defence, Detection of HIV  infection, Bacilus  thuringiensis",(ii) (iii) (iv) (i),(i) (ii) (iii) (iv),(iv) (i) (ii) (iii),(iii) (ii) (i) (iv),c,2
103,6,,,Match the following columns and select the correct option.,"6-15 pairs of  gill slits, Heterocercal  caudal fin, Air bladder, Poison sting","Trygon, Cyclostomes, Chondrichthyes, Osteichthyes",(iv) (ii) (iii) (i),(i) (iv) (iii) (ii),(ii) (iii) (iv) (i),(iii) (iv) (i) (ii),c,1
103,10,,,Match the following columns and select the correct option,"Floating ribs, Acromion, Scapula, Glenoid cavity","Located between  second and seventh ribs, Head of the Humerus, Clavicle, Do not connect with the sternum",(iii) (ii) (iv) (i),(iv) (iii) (i) (ii),(ii) (iv) (i) (iii),(i) (iii) (ii) (iv),b,2
103,9,,,Match the following columns and select the correct option.,"Organ of Corti, Cochlea, Eustachian tube, Stapes","Connects middle ear and pharynx, Coiled part of the labyrinth, Attached to the oval window, Located on the basilar membrane",(iv) (ii) (i) (iii),(i) (ii) (iv) (iii),(ii) (iii) (i) (iv),(iii) (i) (iv) (ii),a,1
103,17,,,Match the following diseases with the causative organism and select the correct option.,"Typhoid, Pneumonia, Filariasis, Malaria","Wuchereria, Plasmodium, Salmonella, Haemophilus",(ii) (i) (iii) (iv),(iv) (i) (ii) (iii),(i) (iii) (ii) (iv),(iii) (iv) (i) (ii),d,2
103,12,,,Match the following columns and select the correct option.,"Clostridium butylicum, Trichoderma polysporum, Monascus purpureus, Aspergillus niger","Cyclosporin -A, Butyric Acid, Citric Acid, Blood cholesterol lowering agent",(i) (ii) (iv) (iii),(iv) (iii) (ii) (i),(iii) (iv) (ii) (i),(ii) (i) (iv) (iii),d,1
103,5,,,Match the following concerning essential elements and their functions in plants:,"Iron, Zinc, , ","Photolysis of water, , , ",(iii) (iv) (ii) (i),(iv) (i) (ii) (iii),(ii) (i) (iv) (iii),(iv) (iii) (ii) (i),a,2
103,1,,,Match the following with respect to meiosis:,"Zygotene, Pachytene, Diplotene, Diakinesis","Terminalization, Chiasmata, Crossing over, Synap sis",(i) (ii) (iv) (iii),(ii) (iv) (iii) (i),(iii) (iv) (i) (ii),(iv) (iii) (ii) (i),d,2
103,15,,,Match the followin g columns and select the correct option.,"Eosinophils, Basophils, Neutrophils, Lymphocytes","Immune response, Phago cytosis, Release histaminases,  destructive Enzymes, Release granules containin g histamine",(i) (ii) (iv) (iii),(ii) (i) (iii) (iv),(iii) (iv) (ii) (i),(iv) (i) (ii) (iii),c,3
103,4,,,Match the following :,"Inhibitor of catalytic Activity, Possess peptide bonds, Cell wall material in fungi, Secondary metabolite","Ricin, malonate, Chitin, Collagen",(iii)  (iv) (i)  (ii),(ii) (iii) (i)  (iv),(ii)  (iv) (iii) (i),(iii)  (i)  (iv) (ii),c,3
103,10,,,Match the following columns and select the correct option.,"Pituitary gland, Thyroid gland, Adrenal gland, Pancrease","Grave’s disease, Diabetes mellitus, Diabetes insipidus, Addison’s disease",(iii)  (i) (iv) (ii),(ii) (i) (iv) (iii),(iv) (iii) (i) (ii),(iii) (ii) (i) (iv),a,3
103,15,,,Match the following columns and select the correct option –,"Gregarious polyphagous pest, Adult with radial symmetry and, Book lungs, Bioluminescence","Asterias, Scorpion       larva with bilateral symmetry, Ctenoplana, Lo custa",(iii) (ii) (i) (iv),(ii) (i) (iii) (iv),(i) (iii) (ii) (iv),(iv) (i) (ii) (iii),d,2
103,12,,,Match the organism with its use in biotechnology.,"Bacillus Thuringiensis, Thermus aquaticus, Agrobacterium tumefaciens, Salmonella typhimurium","Cloning vector, Construction of first rDNA Molecule, DNA polymerase, Cry proteins",(iii) (ii) (iv) (i),(iii) (iv) (i) (ii),(ii) (iv) (iii) (i),(iv) (iii) (i) (ii),d,2
103,12,,,Match the trophic levels with their correct species examples in grasslan d ecosystem.,"Fourth trophic level, second trophic level, First trophic level, Third trophic level","Crow, Vulture, Rabbit, Grass",(iv) (iii) (ii) (i),(i) (ii) (iii) (iv),(ii) (iii) (iv) (i),(iii) (ii) (i) (iv),c,1
