sub_id,chapter_id,ques_id,questions,option_a,option_b,option_c,option_d,correct_ans,description,difficulty_level,q_img,original_topic,suggested_topics
103,9,,Which of the following is not a method of asexual reproduction?,Binary fission,Budding,Fragmentation,Fertilization,D,,2,,,
103,7,,"In humans, how many chromosomes are present in a normal somatic cell?",46,23,44,48,B,,1,,,
103,2,,Which process involves the fusion of male and female gametes?,Fertilization,Implantation,Gestation,Parturition,A,,1,,,
103,9,,Where does fertilization usually occur in humans?,Uterus,Ovary,Fallopian tube,Vagina,C,,2,,,
103,16,,What is the function of the placenta during pregnancy?,Exchange of nutrients and waste materials,Production of hormones,Protection of the fetus,Production of red blood cells,A,,3,,,
103,5,,Which hormone is responsible for the development and maintenance of male secondary sexual characteristics?,Testosterone,Estrogen,Progesterone,Follicle-stimulating hormone (FSH),A,,2,,,
103,17,,The transfer of pollen grains from the anther to the stigma is called:,Fertilization,Pollination,Seed dispersal,Germination,B,,1,,,
103,3,,What is the primary reproductive organ in females?,Ovary,Uterus,Vagina,Cervix,A,,1,,,
103,11,,What is the process of the release of an unfertilized egg and the lining of the uterus called?,Ovulation,Oogenesis,Menstruation,Fertilization,C,,2,,,
103,7,,What is the gestation period in humans?,9 months,6 months,12 months,3 months,A,,3,,,
103,8,,Which of the following is a type of sexual reproduction in plants?,Binary fission,Budding,Fragmentation,Pollination,D,,1,,,
103,5,,Where does spermatogenesis occur in males?,Ovary,Uterus,Fallopian tube,Testis,D,,2,,,
103,18,,What is the process of the fusion of male and female pronuclei in the zygote called?,Zygote formation,Blastocyst formation,Implantation,Syngamy,A,,1,,,
103,12,,"In humans, the embryo gets embedded in the:",Ovary,Uterus,Cervix,Fallopian tube,B,,1,,,
103,9,,What is a barrier method of contraception?,Oral contraceptive pills,Intrauterine devices (IUDs),Rhythm method,Condoms,D,,2,,,
103,20,,The release of milk from the mammary glands is called:,Ovulation,Lactation,Parturition,Menstruation,B,,1,,,
103,18,,What is the primary sex organ in males?,Testis,Penis,Scrotum,Urethra,A,,1,,,
103,19,,What is the process of the release of an ovum from the ovary called?,Menstruation,Oogenesis,Fertilization,Ovulation,D,,2,,,
103,19,,Which hormone is responsible for the development of the female reproductive system?,Testosterone,Estrogen,Progesterone,Follicle-stimulating hormone (FSH),B,,1,,,
103,1,,What is a natural method of contraception?,Condoms,Oral contraceptive pills,Intrauterine devices (IUDs),Rhythm method,D,,3,,,
103,6,,What is the process of fertilization in humans?,Fusion of sperm and ovum,Implantation in the uterus,Development of the fetus,Formation of zygote,A,,1,,,
103,15,,What is the function of the placenta during pregnancy?,Exchange of nutrients and waste,Protection of the fetus,Gas exchange,Hormone production,A,,2,,,
103,4,,What is the role of hormones in the menstrual cycle?,Regulation of the menstrual cycle,Development of secondary sexual characteristics,Initiation of ovulation,Fertilization of the egg,A,,3,,,
103,13,,What are the stages of embryonic development in animals?,"Cleavage, gastrulation, organogenesis","Fertilization, implantation, development","Gametogenesis, fertilization, development","Mitosis, meiosis, reproduction",A,,1,,,
103,20,,What are the types of asexual reproduction?,"Binary fission, budding, regeneration","Fragmentation, parthenogenesis, vegetative propagation","Sexual reproduction, asexual reproduction, fission","Sporulation, cloning, grafting",A,,2,,,
103,4,,How does mitosis differ from meiosis?,"Mitosis produces diploid cells, meiosis produces haploid cells","Mitosis produces identical cells, meiosis produces genetically diverse cells","Mitosis occurs in somatic cells, meiosis occurs in germ cells","Mitosis has one division, meiosis has two divisions",A,,3,,,
103,5,,What is the significance of pollination in plants?,Transfer of pollen from anther to stigma,Formation of seeds and fruits,Production of nectar for pollinators,Production of pollen grains,A,,1,,,
103,7,,How do gametes differ from somatic cells?,"Gametes are haploid, somatic cells are diploid","Gametes have half the number of chromosomes, somatic cells have the full set","Gametes are involved in sexual reproduction, somatic cells are involved in growth and development","Gametes have different DNA, somatic cells have identical DNA",A,,2,,,
103,8,,What are the methods of contraception?,"Barrier methods, hormonal methods, sterilization","Natural methods, emergency contraception, intrauterine devices","Surgical methods, behavioral methods, emergency contraception","Barrier methods, hormonal methods, surgical methods",A,,3,,,
103,10,,What is the role of DNA in inheritance?,Carries genetic information from parents to offspring,Determines physical traits of individuals,Regulates gene expression,Controls protein synthesis,A,,1,,,
103,17,,What is the role of DNA polymerase in DNA replication?,Adds nucleotides to the growing DNA strand,Unwinds and separates the DNA double helix,Proofreads and repairs the DNA sequence,Initiates the replication process,A,,2,,,
103,5,,What is the function of RNA in protein synthesis?,Transfers genetic information from DNA to the ribosome,Carries amino acids to the ribosome for protein assembly,Serves as a template for DNA replication,Regulates gene expression,A,,3,,,
103,1,,What is the purpose of the lac operon in bacteria?,Regulates the expression of genes involved in lactose metabolism,Controls the replication of bacterial DNA,Facilitates protein synthesis in bacterial cells,Mediates the transfer of genetic material between bacterial cells,A,,1,,,
103,10,,What is the role of ribosomes in protein synthesis?,Facilitate the assembly of amino acids into proteins,Carry genetic information from DNA to the cytoplasm,Generate ATP for cellular energy,Package and transport proteins within the cell,A,,2,,,
103,4,,What is the function of tRNA molecules in translation?,Deliver amino acids to the ribosome,Transcribe DNA into RNA,Initiate protein synthesis,Regulate gene expression,A,,3,,,
103,14,,What is the role of the nucleus in eukaryotic cells?,Stores and protects the genetic material,Synthesizes proteins for cellular functions,Converts sunlight into chemical energy,Controls the movement of materials into and out of the cell,A,,1,,,
103,17,,What is the function of the Golgi apparatus in cells?,"Modifies, sorts, and packages proteins for transport",Produces energy through cellular respiration,Regulates cell division and growth,Stores and releases neurotransmitters in nerve cells,A,,2,,,
103,11,,What is the role of the cell membrane in cells?,Regulates the movement of substances in and out of the cell,Generates energy through photosynthesis,Provides structural support for the cell,Carries out cellular respiration,A,,3,,,
103,16,,What is the function of the mitochondria in cells?,Produces energy through cellular respiration,Stores genetic information in the form of DNA,Synthesizes proteins for cellular functions,Packages and transports proteins within the cell,A,,1,,,
103,4,,What is the role of lysosomes in cells?,Break down waste materials and cellular debris,Regulate cell division and growth,Generate ATP for cellular energy,Store and release neurotransmitters in nerve cells,A,,2,,,
103,14,,What is the function of the endoplasmic reticulum in cells?,Synthesizes proteins and lipids for cellular functions,Carries out photosynthesis in plant cells,Stores genetic information in the form of DNA,Regulates cell division and growth,A,,3,,,
103,16,,What is the purpose of meiosis in sexual reproduction?,Produces haploid gametes with genetic variation,Generates identical cells for growth and repair,Facilitates DNA replication in somatic cells,Maintains the diploid chromosome number in the offspring,A,,1,,,
103,20,,What is the function of the centrioles in animal cells?,Play a role in cell division and formation of the spindle apparatus,Synthesize proteins for cellular functions,Store and release neurotransmitters in nerve cells,Provide structural support for the cell,A,,2,,,
103,8,,What is the role of the chloroplasts in plant cells?,Carry out photosynthesis to convert sunlight into chemical energy,Synthesize proteins for cellular functions,Store genetic information in the form of DNA,Regulate cell division and growth,A,,3,,,
103,9,,What is the purpose of the cell wall in plant cells?,Provides structural support and protection for the cell,Regulates the movement of substances in and out of the cell,Generates energy through cellular respiration,Stores and releases neurotransmitters in nerve cells,A,,1,,,
103,9,,What is the function of the vacuole in plant cells?,"Stores water, nutrients, and waste materials",Synthesizes proteins for cellular functions,Generates ATP for cellular energy,Controls the movement of materials into and out of the cell,A,,2,,,
103,1,,What is the role of the nucleolus in cells?,Produces ribosomes for protein synthesis,Regulates gene expression,Converts sunlight into chemical energy,Controls the movement of materials into and out of the cell,A,,3,,,
103,13,,What is the purpose of the cytoskeleton in cells?,Provides structural support and maintains cell shape,Synthesizes proteins for cellular functions,Generates ATP for cellular energy,Packages and transports proteins within the cell,A,,1,,,
103,3,,What is the function of the cilia and flagella in cells?,Facilitate movement and locomotion,Regulate cell division and growth,Generate ATP for cellular energy,Store and release neurotransmitters in nerve cells,A,,2,,,
103,3,,What is the role of the peroxisomes in cells?,Break down fatty acids and detoxify harmful substances,Synthesize proteins for cellular functions,Store genetic information in the form of DNA,Regulate cell division and growth,A,,3,,,
103,18,,What is the primary function of the respiratory system?,Transportation of oxygen,Gas exchange,Digestion,Protection,B,,1,,,
103,4,,Which of the following is the smallest unit of life?,Tissue,Cell,Organ,Organism,B,,2,,,
103,14,,The process by which plants convert sunlight into energy is called:,Photosynthesis,Respiration,Transpiration,Digestion,A,,3,,,
103,6,,Which of the following is responsible for carrying oxygen in the blood?,White blood cells,Red blood cells,Platelets,Plasma,B,,1,,,
103,8,,The organ responsible for detoxifying various substances in the body is:,Liver,Pancreas,Kidney,Spleen,A,,2,,,
103,15,,What is the function of the mitochondria?,Protein synthesis,Energy production,Cell division,Waste elimination,B,,3,,,
103,9,,Which of the following is a sex-linked genetic disorder?,Sickle cell anemia,Hemophilia,Cystic fibrosis,Down syndrome,B,,1,,,
103,7,,The process by which water moves through a semipermeable membrane is called:,Osmosis,Diffusion,Active transport,Facilitated transport,A,,2,,,
103,4,,Which of the following is responsible for storing and releasing energy in cells?,Ribosome,Lysosome,Golgi apparatus,Mitochondria,D,,3,,,
103,3,,Which of the following is the largest part of the brain and controls conscious activities?,Cerebrum,Cerebellum,Medulla oblongata,Hypothalamus,A,,1,,,
103,18,,Which of the following is a vector-borne disease?,Malaria,Tuberculosis,Influenza,Diabetes,A,,2,,,
103,15,,Which blood vessels carry oxygenated blood from the lungs to the heart?,Veins,Capillaries,Arteries,Venules,C,,3,,,
103,20,,The process of breaking down glucose to release energy in the absence of oxygen is called:,Glycolysis,Fermentation,Photosynthesis,Krebs cycle,B,,1,,,
103,14,,"The ""powerhouse of the cell"" is a nickname for which organelle?",Nucleus,Chloroplast,Mitochondria,Golgi apparatus,C,,2,,,
103,14,,Which of the following is a function of the nucleolus?,Protein synthesis,DNA replication,Assembly of ribosomes,Lipid production,C,,3,,,
103,20,,Which of the following is a sex-linked genetic disorder affecting the blood's ability to clot?,Sickle cell anemia,Hemophilia,Cystic fibrosis,Down syndrome,B,,1,,,
103,16,,The process by which water moves from an area of higher concentration to an area of lower concentration without the use of energy is called:,Osmosis,Diffusion,Active transport,Facilitated transport,B,,2,,,
103,2,,What is the function of the Golgi apparatus in a cell?,Protein synthesis,Energy production,Packaging and distribution,Waste elimination,C,,3,,,
103,12,,Which of the following is an example of an exocrine gland?,Pituitary gland,Thyroid gland,Sweat gland,Adrenal gland,C,,1,,,
103,18,,The process by which plants release oxygen and take in carbon dioxide during the day is called:,Transpiration,Fermentation,Photosynthesis,Respiration,C,,2,,,
103,20,,Which of the following is a communicable disease?,Tuberculosis,Diabetes,Asthma,Arthritis,A,,3,,,
103,4,,The site of fertilization in humans is the:,Uterus,Ovary,Fallopian tube,Cervix,C,,1,,,
103,18,,Which of the following is the primary function of the circulatory system?,Digestion,Transportation of oxygen,Production of hormones,Removal of waste products,B,,2,,,
103,14,,What is the human body's first line of defense against pathogens?,Immune system,Nervous system,Respiratory system,Skin and mucous membranes,D,,3,,,
103,2,,What is the function of the ribosomes in a cell?,Cellular respiration,Protein synthesis,Lipid production,Cell division,B,,1,,,
103,2,,Which of the following is responsible for regulating blood sugar levels in the body?,Insulin,Glucagon,Estrogen,Testosterone,A,,2,,,
103,6,,The process of cell division resulting in two daughter cells with identical genetic information is called:,Mitosis,Meiosis,Fission,Budding,A,,3,,,
103,1,,Which of the following is a sexually transmitted infection caused by a bacterium?,HIV/AIDS,Syphilis,Herpes,Hepatitis B,B,,1,,,
103,16,,What is the function of the central nervous system?,Regulation of body temperature,Coordination of voluntary movements,Production of hormones,Transport of oxygen,B,,2,,,
103,6,,The outermost layer of the skin is called:,Dermis,Epidermis,Hypodermis,Subcutis,B,,3,,,
103,7,,Which of the following is a water-soluble vitamin?,Vitamin A,Vitamin D,Vitamin C,Vitamin K,C,,1,,,
103,4,,The process by which plants lose water through their leaves is called:,Transpiration,Photosynthesis,Respiration,Evaporation,A,,2,,,
103,16,,Which of the following is a condition where the blood pressure is consistently high?,Hypertension,Hypotension,Anemia,Leukemia,A,,3,,,
103,2,,The process by which blood cells are formed in the bone marrow is called:,Hemostasis,Hemopoiesis,Hemolysis,Hemoglobinopathy,B,,1,,,
103,6,,Which of the following is an example of a connective tissue?,Muscle tissue,Nerve tissue,Epithelial tissue,Blood tissue,D,,2,,,
103,8,,Which of the following is an example of a plant hormone responsible for slowing down growth and promoting seed dormancy?,Gibberellin,Cytokinin,Ethylene,Abscisic acid,D,,3,,,
103,16,,The process by which white blood cells engulf and destroy foreign particles is called:,Phagocytosis,Pinocytosis,Endocytosis,Exocytosis,A,,1,,,
103,20,,Which of the following is a genetic disorder caused by the presence of an extra chromosome 21?,Down syndrome,Turner syndrome,Klinefelter syndrome,Cystic fibrosis,A,,2,,,
103,4,,Which of the following is responsible for producing insulin in the body?,Liver,Kidney,Pancreas,Stomach,C,,3,,,
103,1,,The process by which plants convert carbon dioxide and water into glucose and oxygen is called:,Transpiration,Fermentation,Photosynthesis,Respiration,C,,1,,,
103,8,,Which of the following is a waterborne disease caused by a parasite?,Malaria,Tuberculosis,Cholera,Typhoid,C,,2,,,
103,12,,Which of the following is responsible for packaging and modifying proteins for secretion from the cell?,Nucleus,Chloroplast,Golgi apparatus,Mitochondria,C,,3,,,
103,20,,Which of the following is a viral disease affecting the liver?,Hepatitis B,Influenza,Measles,Cholera,A,,1,,,
103,8,,Which of the following is a sexually transmitted infection caused by a virus?,Syphilis,Gonorrhea,Chlamydia,Herpes,D,,2,,,
103,9,,The process by which substances move from an area of higher concentration to an area of lower concentration without the use of energy is called:,Osmosis,Diffusion,Active transport,Facilitated transport,D,              ,3,,,
103,11,,What is the primary function of the endoplasmic reticulum in a cell?,Protein synthesis,Energy production,Packaging and distribution,Waste elimination,A,,1,,,
103,7,,Which of the following is a waterborne disease caused by a bacterium?,Cholera,Tuberculosis,Typhoid,Malaria,A,                        ,2,,,
103,5,,Which of the following is responsible for regulating body temperature and hunger?,Hypothalamus,Cerebellum,Cerebrum,Medulla oblongata,A,,3,,,
103,14,,"The process by which a cell divides into four haploid cells, each with half the number of chromosomes, is called:",Mitosis,Meiosis,Fission,Budding,B,,1,,,
103,14,,Which of the following is a sexually transmitted infection affecting the reproductive system?,Mumps,HIV/AIDS,Cholera,Gonorrhea,D,,2,,,
103,18,,Which of the following is responsible for regulating the body's metabolism?,Thyroid gland,Adrenal gland,Pancreas,Pituitary gland,A,,1,,,
103,20,,What is the process by which plants convert light energy into chemical energy?,Respiration,Fermentation,Photosynthesis,Transpiration,C,,2,,,
103,5,,Which of the following is responsible for producing insulin in the body?,Liver,Kidneys,Pancreas,Lungs,C,,3,,,
103,5,,The smallest unit of an element that retains its properties is called:,Atom,Molecule,Cell,Tissue,A,,1,,,
103,14,,What is the process by which certain animals change their body color to blend in with their surroundings?,Camouflage,Mimicry,Hibernation,Migration,A,,2,,,
103,19,,Which of the following is the primary function of red blood cells?,Transport of oxygen,Fight infection,Produce hormones,Digest food,A,,3,,,
103,18,,The process by which plants release oxygen and take in carbon dioxide during the night is called:,Transpiration,Respiration,Photosynthesis,Fermentation,B,,1,,,
103,12,,Which of the following is responsible for carrying genetic information in cells?,RNA,DNA,Proteins,Carbohydrates,B,,2,,,
103,14,,What is the function of the alveoli in the lungs?,Pump blood,Exchange oxygen and carbon dioxide,Filter waste,Digest food,B,,3,,,
103,11,,Which of the following is an example of a parasitic infection?,Influenza,Malaria,Tuberculosis,Diabetes,B,,1,,,
103,9,,The process by which water is lost from the surface of leaves in plants is called:,Photosynthesis,Transpiration,Respiration,Osmosis,B,,2,,,
103,17,,Which of the following is responsible for breaking down complex molecules in the cell?,Ribosomes,Lysosomes,Golgi apparatus,Mitochondria,B,,3,,,
103,9,,The hormone responsible for the fight-or-flight response in stressful situations is:,Estrogen,Testosterone,Adrenaline,Insulin,C,,1,,,
103,9,,What is the function of the nephrons in the kidneys?,Produce urine,Regulate blood pressure,Filter blood and remove waste,Produce red blood cells,C,,2,,,
103,19,,Which of the following is an example of an autoimmune disease?,Asthma,Arthritis,Diabetes,Tuberculosis,B,,3,,,
103,12,,The process by which new individuals are produced from a single parent without the involvement of gametes is called:,Budding,Fission,Meiosis,Mitosis,A,,1,,,
103,17,,Which of the following is responsible for storing and releasing energy in cells?,Ribosome,Lysosome,Golgi apparatus,Mitochondria,D,,2,,,
103,4,,What is the primary function of the gallbladder in the digestive system?,Produce bile,Store and concentrate bile,Absorb nutrients,Produce enzymes for digestion,B,,3,,,
103,17,,The process by which genes are passed from parents to offspring is called:,Evolution,Heredity,Mutation,Adaptation,B,,1,,,
103,7,,Which of the following is responsible for producing antibodies in the body?,Red blood cells,White blood cells,Platelets,Plasma cells,D,,2,,,
103,9,,What is the function of the cerebellum in the brain?,Regulation of body temperature,Control of heart rate and breathing,Control of balance and coordination,Processing of visual information,C,,3,,,
103,1,,The process by which plants take in water from the soil is called:,Transpiration,Photosynthesis,Respiration,Osmosis,D,,1,,,
103,14,,Which of the following is responsible for producing bile in the liver?,Liver cells,Nephrons,Alveoli,Neurons,A,,2,,,
103,5,,The process by which energy is released from glucose in the presence of oxygen is called:,Photosynthesis,Respiration,Fermentation,Transpiration,B,,3,,,
103,17,,Which of the following is an example of an infectious disease caused by bacteria?,Influenza,Tuberculosis,Malaria,Diabetes,B,,1,,,
103,15,,The process by which organisms go into a deep sleep during extreme cold is called:,Hibernation,Migration,Camouflage,Mimicry,A,,2,,,
103,7,,Which of the following is a viral disease affecting the respiratory system?,Measles,Tuberculosis,Cholera,Malaria,A,,3,,,
103,14,,What is the function of the trachea in the respiratory system?,Pump blood,Exchange gases,Filter air,Transport nutrients,B,,1,,,
103,1,,Which of the following is a function of the spleen?,Filter blood and remove old red blood cells,Produce insulin,Digest food,Regulate body temperature,A,,2,,,
103,3,,The process by which organisms produce offspring of the same species is called:,Adaptation,Reproduction,Homeostasis,Mutation,B,,3,,,
103,13,,Which of the following is an example of a non-communicable disease?,Influenza,Diabetes,Malaria,Tuberculosis,B,,1,,,
103,19,,The process by which water moves from an area of lower concentration to an area of higher concentration using energy is called:,Osmosis,Diffusion,Active transport,Facilitated transport,C,,2,,,
103,18,,Which of the following is responsible for producing eggs in the female reproductive system?,Ovary,Uterus,Fallopian tube,Cervix,A,,3,,,
103,20,,What is the function of the endoplasmic reticulum in a cell?,Storage of genetic material,Protein synthesis,Packaging and distribution of proteins,Digestion of waste,B,,1,,,
103,9,,Which of the following is responsible for transmitting electrical signals in the nervous system?,Hormones,Neurotransmitters,Enzymes,Antibodies,B,,2,,,
103,19,,The process by which animals go into a deep sleep during extreme cold is called:,Hibernation,Migration,Camouflage,Mimicry,A,,3,,,
103,8,,Which of the following is responsible for carrying oxygen in the blood?,Red blood cells,White blood cells,Platelets,Plasma,A,,1,,,
103,16,,The process by which cells become specialized for specific functions is called:,Differentiation,Reproduction,Adaptation,Homeostasis,A,,2,,,
103,7,,Which of the following is an example of a hormone secreted by the pituitary gland?,Estrogen,Testosterone,Insulin,Growth hormone,D,,3,,,
103,18,,The process by which organisms evolve to be better suited to their environment is called:,Mutation,Homeostasis,Adaptation,Reproduction,C,,1,,,
103,15,,Which of the following is responsible for producing antibodies in response to infections?,Red blood cells,White blood cells,Platelets,Plasma cells,D,,2,,,
103,8,,The process by which energy is released from glucose in the absence of oxygen is called:,Photosynthesis,Respiration,Fermentation,Transpiration,C,,3,,,
103,1,,Which of the following is responsible for producing eggs and sperm in humans?,Ovary,Testis,Uterus,Fallopian tube,B,,1,,,
103,13,,What is the function of the cell wall in plant cells?,Control the movement of substances into and out of the cell,Store genetic material,Provide support and protection,Produce energy,C,,2,,,
103,10,,"The process by which animals move from one place to another in search of food, shelter, or mates is called:",Camouflage,Hibernation,Migration,Mimicry,C,,3,,,
103,16,,Which of the following is an example of a communicable disease?,Diabetes,Asthma,Tuberculosis,Arthritis,C,,1,,,
103,17,,The process by which cells divide to produce two identical daughter cells is called:,Mitosis,Meiosis,Fission,Budding,A,,2,,,
103,5,,Which of the following is responsible for producing and releasing hormones in the body?,Liver,Kidneys,Pancreas,Endocrine glands,D,,3,,,
103,13,,The process by which water is taken up by plant roots and released into the atmosphere is known as:,Transpiration,Photosynthesis,Respiration,Evaporation,A,,1,,,
103,8,,Which of the following is responsible for regulating body temperature in the human body?,Hypothalamus,Thalamus,Cerebellum,Medulla oblongata,A,,2,,,
103,20,,The process by which plants take in carbon dioxide and release oxygen is called:,Transpiration,Respiration,Photosynthesis,Fermentation,C,,3,,,
103,9,,Which of the following is responsible for detoxifying harmful substances in the liver?,Liver cells,Nephrons,Alveoli,Neurons,A,,1,,,
103,15,,The process by which energy is released from glucose in the presence of oxygen is called:,Photosynthesis,Respiration,Fermentation,Transpiration,B,,2,,,
103,7,,Which of the following is an example of a communicable disease caused by bacteria?,Influenza,Tuberculosis,Malaria,Diabetes,B,,3,,,
103,10,,The process by which organisms go into a deep sleep during extreme cold is called:,Hibernation,Migration,Camouflage,Mimicry,A,,1,,,
103,13,,Which of the following is a viral disease affecting the respiratory system?,Measles,Tuberculosis,Cholera,Malaria,A,,2,,,
103,16,,What is the function of the trachea in the respiratory system?,Pump blood,Exchange gases,Filter air,Transport nutrients,B,,3,,,
103,14,,Which of the following is a function of the spleen?,Filter blood and remove old red blood cells,Produce insulin,Digest food,Regulate body temperature,A,,2,,,
103,18,,The process by which organisms produce offspring of the same species is called:,Adaptation,Reproduction,Homeostasis,Mutation,B,,1,,,
103,15,,Which of the following is an example of a non-communicable disease?,Influenza,Diabetes,Malaria,Tuberculosis,B,,2,,,
103,12,,The process by which water is lost from the surface of leaves in plants is called:,Photosynthesis,Transpiration,Respiration,Osmosis,B,,3,,,
103,3,,Which of the following is responsible for producing bile in the liver?,Liver cells,Nephrons,Alveoli,Neurons,A,,2,,,
103,1,,The process by which energy is released from glucose in the absence of oxygen is called:,Photosynthesis,Respiration,Fermentation,Transpiration,C,,1,,,
103,9,,Which of the following is responsible for producing eggs in the female reproductive system?,Ovary,Uterus,Fallopian tube,Cervix,A,,3,,,
103,16,,What is the function of the endoplasmic reticulum in a cell?,Storage of genetic material,Protein synthesis,Packaging and distribution of proteins,Digestion of waste,B,,2,,,
103,20,,Which of the following is an example of a communicable disease caused by bacteria?,Diabetes,Asthma,Tuberculosis,Arthritis,C,,1,,,
103,13,,The process by which cells divide to produce two identical daughter cells is called:,Mitosis,Meiosis,Fission,Budding,A,,2,,,
103,3,,Which of the following is responsible for producing and releasing hormones in the body?,Liver,Kidneys,Pancreas,Endocrine glands,D,,3,,,
103,12,,The process by which water is taken up by plant roots and released into the atmosphere is known as:,Transpiration,Photosynthesis,Respiration,Evaporation,A,,1,,,
103,15,,Which of the following is responsible for regulating body temperature in the human body?,Hypothalamus,Thalamus,Cerebellum,Medulla oblongata,A,,2,,,
103,1,,The process by which plants take in carbon dioxide and release oxygen is called:,Transpiration,Respiration,Photosynthesis,Fermentation,C,,3,,,
103,6,,Which of the following is responsible for detoxifying harmful substances in the liver?,Liver cells,Nephrons,Alveoli,Neurons,A,,1,,,
103,11,,The process by which energy is released from glucose in the presence of oxygen is called:,Photosynthesis,Respiration,Fermentation,Transpiration,B,,2,,,
103,2,,Which of the following is an example of a communicable disease caused by bacteria?,Influenza,Tuberculosis,Malaria,Diabetes,B,,3,,,
103,8,,The process by which organisms go into a deep sleep during extreme cold is called:,Hibernation,Migration,Camouflage,Mimicry,A,,1,,,
103,1,,Which of the following is a viral disease affecting the respiratory system?,Measles,Tuberculosis,Cholera,Malaria,A,,2,,,
103,4,,What is the function of the trachea in the respiratory system?,Pump blood,Exchange gases,Filter air,Transport nutrients,B,,3,,,
103,1,,Which of the following is a function of the spleen?,Filter blood and remove old red blood cells,Produce insulin,Digest food,Regulate body temperature,A,,2,,,
103,1,,The process by which organisms produce offspring of the same species is called:,Adaptation,Reproduction,Homeostasis,Mutation,B,,1,,,
103,1,,Which of the following is an example of a non-communicable disease?,Influenza,Diabetes,Malaria,Tuberculosis,B,,2,,,
103,19,,The process by which water is lost from the surface of leaves in plants is called:,Photosynthesis,Transpiration,Respiration,Osmosis,B,,3,,,
103,3,,Which of the following is responsible for producing bile in the liver?,Liver cells,Nephrons,Alveoli,Neurons,A,,2,,,
103,6,,The process by which energy is released from glucose in the absence of oxygen is called:,Photosynthesis,Respiration,Fermentation,Transpiration,A,,1,,,
103,13,,Which of the following is responsible for producing eggs in the female reproductive system?,Ovary,Uterus,Fallopian tube,Cervix,A,,3,,,
103,12,,What is the function of the endoplasmic reticulum in a cell?,Storage of genetic material,Protein synthesis,Packaging and distribution of proteins,Digestion of waste,B,,2,,,
103,2,,Which of the following is an example of a communicable disease caused by bacteria?,Diabetes,Asthma,Tuberculosis,Arthritis,C,,1,,,
103,3,,The process by which cells divide to produce two identical daughter cells is called:,Mitosis,Meiosis,Fission,Budding,A,,2,,,
103,8,,Which of the following is responsible for producing and releasing hormones in the body?,Liver,Kidneys,Pancreas,Endocrine glands,D,,3,,,
103,9,,The process by which water is taken up by plant roots and released into the atmosphere is known as:,Transpiration,Photosynthesis,Respiration,Evaporation,A,,1,,,
103,14,,Which of the following is responsible for regulating body temperature in the human body?,Hypothalamus,Thalamus,Cerebellum,Medulla oblongata,A,,2,,,
103,11,,The process by which plants take in carbon dioxide and release oxygen is called:,Transpiration,Respiration,Photosynthesis,Fermentation,C,,3,,,
103,15,,Which of the following is responsible for detoxifying harmful substances in the liver?,Liver cells,Nephrons,Alveoli,Neurons,A,,1,,,
103,1,,The process by which energy is released from glucose in the presence of oxygen is called:,Photosynthesis,Respiration,Fermentation,Transpiration,B,,2,,,
103,20,,Which of the following is an example of a communicable disease caused by bacteria?,Influenza,Tuberculosis,Malaria,Diabetes,B,,3,,,
103,15,,The process by which organisms go into a deep sleep during extreme cold is called:,Hibernation,Migration,Camouflage,Mimicry,A,,1,,,
103,4,,Which of the following is a viral disease affecting the respiratory system?,Measles,Tuberculosis,Cholera,Malaria,A,,2,,,
103,18,,What is the function of the trachea in the respiratory system?,Pump blood,Exchange gases,Filter air,Transport nutrients,B,,3,,,
103,14,,Which of the following is a function of the spleen?,Filter blood and remove old red blood cells,Produce insulin,Digest food,Regulate body temperature,A,,2,,,
103,18,,The process by which organisms produce offspring of the same species is called:,Adaptation,Reproduction,Homeostasis,Mutation,A,,1,,,
103,11,,Which of the following is an example of a non-communicable disease?,Influenza,Diabetes,Malaria,Tuberculosis,B,,2,,,
103,4,,Which of the following is responsible for transmitting signals between nerve cells?,Neurotransmitters,Hormones,Enzymes,Antibodies,A,,1,,,
103,10,,What is the function of the enzyme amylase?,Digests proteins,Digests fats,Digests carbohydrates,Digests nucleic acids,C,,3,,,
103,16,,In which part of the human digestive system are water and minerals primarily absorbed?,Stomach,Small intestine,Large intestine,Liver,C,,2,,,
103,2,,Which of the following is the structural and functional unit of the nervous system?,Neuron,Cell,Tissue,Organ,A,,1,,,
103,14,,The process by which plants release water vapor into the atmosphere is known as:,Transpiration,Evaporation,Condensation,Precipitation,A,,2,,,
103,16,,Which of the following is responsible for regulating blood sugar levels in the body?,Glucagon,Insulin,Estrogen,Testosterone,B,,3,,,
103,1,,Which of the following is a genetic disorder caused by the absence of an X chromosome in females?,Down syndrome,Turner syndrome,Klinefelter syndrome,Hemophilia,B,,1,,,
103,19,,The process of breaking down glucose to release energy in the presence of oxygen is called:,Fermentation,Photosynthesis,Glycolysis,Krebs cycle,C,,2,,,
103,10,,What is the function of the cell membrane?,Storage of genetic material,Synthesis of proteins,Protection of the cell,Regulates the passage of substances into and out of the cell,D,,3,,,
103,18,,The organ responsible for detoxifying various substances in the body is:,Liver,Pancreas,Kidney,Spleen,A,,1,,,
103,6,,Which of the following is a viral disease affecting the liver?,Malaria,Tuberculosis,Hepatitis B,Cholera,C,,2,,,
103,10,,The process by which water moves from an area of higher concentration to an area of lower concentration without the use of energy is called:,Osmosis,Diffusion,Active transport,Facilitated transport,A,,1,,,
103,7,,Which of the following is responsible for storing and releasing energy in cells?,Ribosome,Lysosome,Golgi apparatus,Mitochondria,D,,3,,,
103,15,,"The ""powerhouse of the cell"" is a nickname for which organelle?",Nucleus,Chloroplast,Mitochondria,Golgi apparatus,C,,2,,,
103,11,,Which of the following is a function of the nucleolus?,Protein synthesis,DNA replication,Assembly of ribosomes,Lipid production,C,,1,,,
103,9,,Which of the following is an example of a connective tissue?,Muscle tissue,Nerve tissue,Epithelial tissue,Blood tissue,D,,2,,,
103,7,,Which of the following is an example of a plant hormone responsible for promoting cell elongation?,Cytokinin,Gibberellin,Ethylene,Abscisic acid,B,,1,,,
103,19,,The process by which white blood cells engulf and destroy foreign particles is called:,Phagocytosis,Pinocytosis,Endocytosis,Exocytosis,A,,2,,,
103,1,,Which of the following is responsible for regulating body temperature and hunger?,Hypothalamus,Cerebellum,Cerebrum,Medulla oblongata,A,,1,,,
103,15,,"The process by which a cell divides into four haploid cells, each with half the number of chromosomes, is called:",Mitosis,Meiosis,Fission,Budding,B,,2,,,
103,7,,Which of the following is a water-soluble vitamin?,Vitamin A,Vitamin D,Vitamin C,Vitamin K,C,,1,,,
103,11,,The process by which plants lose water through their leaves is called:,Transpiration,Photosynthesis,Respiration,Evaporation,A,,2,,,
103,13,,Which of the following is a condition where the blood pressure is consistently high?,Hypertension,Hypotension,Anemia,Leukemia,A,,1,,,
103,15,,The process by which blood cells are formed in the bone marrow is called:,Hemostasis,Hemopoiesis,Hemolysis,Hemoglobinopathy,B,,2,,,
103,12,,Which of the following is an example of a connective tissue?,Muscle tissue,Nerve tissue,Epithelial tissue,Blood tissue,D,,1,,,
103,7,,Which of the following is a sex-linked genetic disorder affecting the blood's ability to clot?,Sickle cell anemia,Hemophilia,Cystic fibrosis,Down syndrome,B,,2,,,
103,6,,The process by which water moves from an area of higher concentration to an area of lower concentration without the use of energy is called:,Osmosis,Diffusion,Active transport,Facilitated transport,B,,1,,,
103,12,,What is the function of the Golgi apparatus in a cell?,Protein synthesis,Energy production,Packaging and distribution,Waste elimination,C,,2,,,
103,12,,Which of the following is an example of an exocrine gland?,Pituitary gland,Thyroid gland,Sweat gland,Adrenal gland,C,,1,,,
103,16,,The process by which plants release oxygen and take in carbon dioxide during the day is called:,Transpiration,Fermentation,Photosynthesis,Respiration,C,,2,,,
103,5,,Which of the following is a communicable disease?,Tuberculosis,Diabetes,Asthma,Arthritis,A,,1,,,
103,1,,The site of fertilization in humans is the:,Uterus,Ovary,Fallopian tube,Cervix,C,,2,,,
103,20,,Which of the following is the primary function of the circulatory system?,Digestion,Transportation of oxygen,Production of hormones,Removal of waste products,B,,1,,,
103,14,,What is the human body's first line of defense against pathogens?,Immune system,Nervous system,Respiratory system,Skin and mucous membranes,A,,2,,,
103,18,,What is the function of the ribosomes in a cell?,Cellular respiration,Protein synthesis,Lipid production,Cell division,B,,1,,,
103,10,,Which of the following is responsible for regulating blood pressure and fluid balance in the body?,Kidneys,Liver,Heart,Lungs,C,,2,,,
103,8,,Which of the following is responsible for transmitting signals between nerve cells?,Neurotransmitters,Hormones,Enzymes,Antibodies,A,,1,,,
103,5,,The process by which plants release water vapor into the atmosphere is known as:,Transpiration,Evaporation,Condensation,Precipitation,A,,2,,,
103,20,,Which of the following is responsible for regulating blood sugar levels in the body?,Glucagon,Insulin,Estrogen,Testosterone,B,,1,,,
103,5,,Which of the following is a genetic disorder caused by the absence of an X chromosome in females?,Down syndrome,Turner syndrome,Klinefelter syndrome,Hemophilia,B,,2,,,
103,19,,The process of breaking down glucose to release energy in the presence of oxygen is called:,Fermentation,Photosynthesis,Glycolysis,Krebs cycle,C,,1,,,
103,18,,What is the function of the cell membrane?,Storage of genetic material,Synthesis of proteins,Protection of the cell,Regulates the passage of substances into and out of the cell,D,,2,,,
103,4,,The organ responsible for detoxifying various substances in the body is:,Liver,Pancreas,Kidney,Spleen,A,,1,,,
103,20,,Which of the following is a viral disease affecting the liver?,Malaria,Tuberculosis,Hepatitis B,Cholera,C,,2,,,
103,2,,The process by which water moves from an area of higher concentration to an area of lower concentration without the use of energy is called:,Osmosis,Diffusion,Active transport,Facilitated transport,A,,1,,,
103,11,,Which of the following is responsible for storing and releasing energy in cells?,Ribosome,Lysosome,Golgi apparatus,Mitochondria,D,,2,,,
103,15,,"The ""powerhouse of the cell"" is a nickname for which organelle?",Nucleus,Chloroplast,Mitochondria,Golgi apparatus,C,,1,,,
103,15,,Which of the following is a function of the nucleolus?,Protein synthesis,DNA replication,Assembly of ribosomes,Lipid production,C,,2,,,
103,5,,Which of the following is an example of a connective tissue?,Muscle tissue,Nerve tissue,Epithelial tissue,Blood tissue,D,,1,,,
103,9,,Which of the following is an example of a plant hormone responsible for promoting cell elongation?,Cytokinin,Gibberellin,Ethylene,Abscisic acid,B,,2,,,
103,19,,The process by which white blood cells engulf and destroy foreign particles is called:,Phagocytosis,Pinocytosis,Endocytosis,Exocytosis,A,,1,,,
103,20,,Which of the following is responsible for regulating body temperature and hunger?,Hypothalamus,Cerebellum,Cerebrum,Medulla oblongata,A,,2,,,
103,10,,"The process by which a cell divides into four haploid cells, each with half the number of chromosomes, is called:",Mitosis,Meiosis,Fission,Budding,B,,1,,,
103,14,,Which of the following is a water-soluble vitamin?,Vitamin A,Vitamin D,Vitamin C,Vitamin K,C,,2,,,
103,1,,The process by which plants lose water through their leaves is called:,Transpiration,Photosynthesis,Respiration,Evaporation,A,,1,,,
103,3,,Which of the following is a condition where the blood pressure is consistently high?,Hypertension,Hypotension,Anemia,Leukemia,A,,2,,,
103,12,,The process by which blood cells are formed in the bone marrow is called:,Hemostasis,Hemopoiesis,Hemolysis,Hemoglobinopathy,B,,1,,,
103,4,,Which of the following is an example of a connective tissue?,Muscle tissue,Nerve tissue,Epithelial tissue,Blood tissue,D,,2,,,
103,4,,Which of the following is an example of a plant hormone responsible for promoting cell elongation?,Cytokinin,Gibberellin,Ethylene,Abscisic acid,B,,1,,,
103,1,,The process by which white blood cells engulf and destroy foreign particles is called:,Phagocytosis,Pinocytosis,Endocytosis,Exocytosis,A,,2,,,
103,18,,Which of the following is responsible for regulating body temperature and hunger?,Hypothalamus,Cerebellum,Cerebrum,Medulla oblongata,A,,1,,,
103,1,,"The process by which a cell divides into four haploid cells, each with half the number of chromosomes, is called:",Mitosis,Meiosis,Fission,Budding,B,,2,,,
103,17,,Which of the following is a water-soluble vitamin?,Vitamin A,Vitamin D,Vitamin C,Vitamin K,C,,1,,,
103,12,,The process by which plants lose water through their leaves is called:,Transpiration,Photosynthesis,Respiration,Evaporation,A,,2,,,
103,8,,Which of the following is a condition where the blood pressure is consistently high?,Hypertension,Hypotension,Anemia,Leukemia,A,,1,,,
103,9,,The process by which blood cells are formed in the bone marrow is called:,Hemostasis,Hemopoiesis,Hemolysis,Hemoglobinopathy,B,,2,,,
103,10,,Which of the following is an example of a connective tissue?,Muscle tissue,Nerve tissue,Epithelial tissue,Blood tissue,D,,1,,,
103,3,,Which of the following is a sex-linked genetic disorder affecting the blood's ability to clot?,Sickle cell anemia,Hemophilia,Cystic fibrosis,Down syndrome,B,,2,,,
103,11,,The process by which water moves from an area of higher concentration to an area of lower concentration without the use of energy is called:,Osmosis,Diffusion,Active transport,Facilitated transport,A,,1,,,
103,7,,What is the function of the Golgi apparatus in a cell?,Protein synthesis,Energy production,Packaging and distribution,Waste elimination,C,,2,,,
103,20,,Which of the following is an example of an exocrine gland?,Pituitary gland,Thyroid gland,Sweat gland,Adrenal gland,C,,1,,,
103,19,,The process by which plants release oxygen and take in carbon dioxide during the day is called:,Transpiration,Fermentation,Photosynthesis,Respiration,C,,2,,,
103,15,,Which of the following is a communicable disease?,Tuberculosis,Diabetes,Asthma,Arthritis,A,,1,,,
103,7,,The site of fertilization in humans is the:,Uterus,Ovary,Fallopian tube,Cervix,C,,2,,,
103,16,,Which of the following is the primary function of the circulatory system?,Digestion,Transportation of oxygen,Production of hormones,Removal of waste products,B,,1,,,
103,6,,What is the human body's first line of defense against pathogens?,Immune system,Nervous system,Respiratory system,Skin and mucous membranes,A,,2,,,
103,5,,What is the function of the ribosomes in a cell?,Cellular respiration,Protein synthesis,Lipid production,Cell division,B,,1,,,
103,6,,Which of the following is responsible for regulating blood pressure and fluid balance in the body?,Kidneys,Liver,Heart,Lungs,C,,2,,,
103,19,,Which of the following is responsible for transmitting signals between nerve cells?,Neurotransmitters,Hormones,Enzymes,Antibodies,A,,1,,,
103,13,,The process by which plants release water vapor into the atmosphere is known as:,Transpiration,Evaporation,Condensation,Precipitation,A,,2,,,
103,8,,Which of the following is responsible for regulating blood sugar levels in the body?,Glucagon,Insulin,Estrogen,Testosterone,B,,1,,,
103,2,,Which of the following is a genetic disorder caused by the absence of an X chromosome in females?,Down syndrome,Turner syndrome,Klinefelter syndrome,Hemophilia,B,,2,,,
103,19,,The process of breaking down glucose to release energy in the presence of oxygen is called:,Fermentation,Photosynthesis,Glycolysis,Krebs cycle,C,,1,,,
103,20,,What is the function of the cell membrane?,Storage of genetic material,Synthesis of proteins,Protection of the cell,Regulates the passage of substances into and out of the cell,D,,2,,,
103,1,,The organ responsible for detoxifying various substances in the body is:,Liver,Pancreas,Kidney,Spleen,A,,1,,,
103,20,,Which of the following is a viral disease affecting the liver?,Malaria,Tuberculosis,Hepatitis B,Cholera,C,,2,,,
103,9,,The process by which water moves from an area of higher concentration to an area of lower concentration without the use of energy is called:,Osmosis,Diffusion,Active transport,Facilitated transport,A,,1,,,
103,15,,Which of the following is responsible for storing and releasing energy in cells?,Ribosome,Lysosome,Golgi apparatus,Mitochondria,D,,2,,,
103,12,,"The ""powerhouse of the cell"" is a nickname for which organelle?",Nucleus,Chloroplast,Mitochondria,Golgi apparatus,C,,1,,,
103,12,,Which of the following is a function of the nucleolus?,Protein synthesis,DNA replication,Assembly of ribosomes,Lipid production,C,,2,,,
103,4,,Which of the following is an example of a connective tissue?,Muscle tissue,Nerve tissue,Epithelial tissue,Blood tissue,D,,1,,,
103,9,,Which of the following is an example of a plant hormone responsible for promoting cell elongation?,Cytokinin,Gibberellin,Ethylene,Abscisic acid,B,,2,,,
103,1,,The process by which white blood cells engulf and destroy foreign particles is called:,Phagocytosis,Pinocytosis,Endocytosis,Exocytosis,A,,1,,,
103,4,,Which of the following is responsible for regulating body temperature and hunger?,Hypothalamus,Cerebellum,Cerebrum,Medulla oblongata,A,,2,,,
103,8,,"The process by which a cell divides into four haploid cells, each with half the number of chromosomes, is called:",Mitosis,Meiosis,Fission,Budding,B,,1,,,
103,3,,Which of the following is a water-soluble vitamin?,Vitamin A,Vitamin D,Vitamin C,Vitamin K,C,,2,,,
103,6,,The process by which plants lose water through their leaves is called:,Transpiration,Photosynthesis,Respiration,Evaporation,A,,1,,,
103,17,,Which of the following is a condition where the blood pressure is consistently high?,Hypertension,Hypotension,Anemia,Leukemia,A,,2,,,
103,19,,The process by which blood cells are formed in the bone marrow is called:,Hemostasis,Hemopoiesis,Hemolysis,Hemoglobinopathy,B,,1,,,
103,20,,Which of the following is an example of a connective tissue?,Muscle tissue,Nerve tissue,Epithelial tissue,Blood tissue,D,,2,,,
103,13,,What is the primary function of the mitochondria in a cell?, Energy production, Protein synthesis, Waste digestion, Photosynthesis,A,,2,,,
103,9,,Which process allows cells to obtain energy from glucose in the absence of oxygen?, Photosynthesis, Respiration, Fermentation, Transpiration,C,,1,,,
103,18,,What is the largest organ in the human body?, Liver, Heart, Brain, Lungs,A,,1,,,
103,13,,The process by which cells divide to produce new cells is called:, Meiosis, Mitosis, Fission, Budding,B,,2,,,
103,3,,The process by which water is lost from the surface of leaves in plants is called:, Photosynthesis, Respiration, Transpiration, Fermentation,C,,1,,,
103,4,,Which hormone is responsible for regulating blood sugar levels in the body?, Insulin, Glucagon, Melatonin, Estrogen,A,,2,,,
103,18,,The process of a single parent organism splitting into two or more individuals is called:, Mutation, Adaptation, Budding, Homeostasis,C,,1,,,
103,4,,What is the main function of the endoplasmic reticulum in a cell?, Storage of genetic material, Protein synthesis, Packaging and distribution, Waste digestion,B,,2,,,
103,12,,"Which hormone is responsible for the ""fight or flight"" response in stressful situations?", Serotonin, Dopamine, Adrenaline, Testosterone,C,,1,,,
103,7,,The process by which plants convert carbon dioxide and water into glucose and oxygen is called:, Respiration, Fermentation, Photosynthesis, Transpiration,C,,3,,,
103,14,,Which organ is responsible for producing insulin and glucagon to regulate blood sugar levels?, Liver, Pancreas, Kidney, Heart,B,,2,,,
103,19,,The process by which cells become specialized for specific functions is called:, Differentiation, Reproduction, Adaptation, Homeostasis,A,,1,,,
103,8,,Which of the following is responsible for producing antibodies in response to infections?, Red blood cells, White blood cells, Platelets, Plasma cells,D,,2,,,
103,20,,The process by which water is lost from the surface of leaves in plants is called:, Photosynthesis, Respiration, Transpiration, Fermentation,C,,1,,,
103,5,,What is the main function of the Golgi apparatus in a cell?, Protein synthesis, Energy production, Packaging and distribution, Waste digestion,C,,1,,,
103,19,,Which of the following is responsible for transmitting electrical signals in the nervous system?, Hormones, Neurotransmitters, Enzymes, Antibodies,B,,2,,,
103,11,,The process by which animals go into a deep sleep during extreme cold is called:, Hibernation, Migration, Camouflage, Mimicry,A,,1,,,
103,11,,The process by which cells divide to produce gametes (sex cells) is called:, Mitosis, Meiosis, Fission, Budding,B,,2,,,
103,2,,What is the main function of the hypothalamus in the brain?, Control of balance and coordination, Regulation of body temperature, Processing of sensory information, Regulation of hunger and thirst,B,,1,,,
103,10,,The process by which plants convert carbon dioxide and water into glucose and oxygen is called:, Respiration, Fermentation, Photosynthesis, Transpiration,C,,3,,,
103,7,,Which hormone regulates the production of red blood cells in the bone marrow?, Insulin, Estrogen, Erythropoietin, Adrenaline,C,,1,,,
103,3,,The movement of water across a semipermeable membrane from an area of high concentration to low concentration is called:, Diffusion, Osmosis, Active transport, Filtration,B,,1,,,
103,3,,Which organ is responsible for detoxifying various metabolites and synthesizing proteins?, Liver, Kidney, Heart, Lungs,A,,1,,,
103,9,,The process by which cells break down glucose to produce ATP (energy) is known as:, Protein synthesis, Energy production, Photosynthesis, Respiration,D,,2,,,
103,11,,The process by which water is lost from the surface of leaves in plants is called:, Photosynthesis, Respiration, Transpiration, Fermentation,C,,1,,,
103,13,,Which hormone is responsible for regulating blood sugar levels in the body?, Insulin, Glucagon, Melatonin, Estrogen,A,,2,,,
103,18,,The process of a single parent organism splitting into two or more individuals is called:, Mutation, Adaptation, Budding, Homeostasis,C,,1,,,
103,3,,What is the main function of the endoplasmic reticulum in a cell?, Storage of genetic material, Protein synthesis, Packaging and distribution, Waste digestion,B,,2,,,
103,19,,"Which hormone is responsible for the ""fight or flight"" response in stressful situations?", Serotonin, Dopamine, Adrenaline, Testosterone,C,,1,,,
103,6,,The process by which plants convert carbon dioxide and water into glucose and oxygen is called:, Respiration, Fermentation, Photosynthesis, Transpiration,C,,3,,,
103,16,,Which organ is responsible for producing insulin and glucagon to regulate blood sugar levels?, Liver, Pancreas, Kidney, Heart,B,,2,,,
103,12,,The process by which cells become specialized for specific functions is called:, Differentiation, Reproduction, Adaptation, Homeostasis,A,,1,,,
103,20,,Which of the following is responsible for producing antibodies in response to infections?, Red blood cells, White blood cells, Platelets, Plasma cells,D,,2,,,
103,12,,The process by which water is lost from the surface of leaves in plants is called:, Photosynthesis, Respiration, Transpiration, Fermentation,C,,1,,,
103,17,,What is the main function of the Golgi apparatus in a cell?, Protein synthesis, Energy production, Packaging and distribution, Waste digestion,C,,1,,,
103,9,,Which of the following is responsible for transmitting electrical signals in the nervous system?, Hormones, Neurotransmitters, Enzymes, Antibodies,B,,2,,,
103,10,,The process by which animals go into a deep sleep during extreme cold is called:, Hibernation, Migration, Camouflage, Mimicry,A,,1,,,
103,6,,The process by which cells divide to produce gametes (sex cells) is called:, Mitosis, Meiosis, Fission, Budding,B,,2,,,
103,14,,What is the main function of the hypothalamus in the brain?, Control of balance and coordination, Regulation of body temperature, Processing of sensory information, Regulation of hunger and thirst,B,,1,,,
103,19,,The process by which plants convert carbon dioxide and water into glucose and oxygen is called:, Respiration, Fermentation, Photosynthesis, Transpiration,C ,,3,,,
103,7,,Which hormone regulates the production of red blood cells in the bone marrow?, Insulin, Estrogen, Erythropoietin, Adrenaline,C,,1,,,
103,7,,The movement of water across a semipermeable membrane from an area of high concentration to low concentration is called:, Diffusion, Osmosis, Active transport, Filtration,B,,1,,,
103,9,,Which organ is responsible for detoxifying various metabolites and synthesizing proteins?, Liver, Kidney, Heart, Lungs,A,,1,,,
103,1,,The process by which cells break down glucose to produce ATP (energy) is known as:, Protein synthesis, Energy production, Photosynthesis, Respiration,D,,2,,,
103,9,,The process by which water is lost from the surface of leaves in plants is called:, Photosynthesis, Respiration, Transpiration, Fermentation,C,,1,,,
103,14,,Which hormone is responsible for regulating blood sugar levels in the body?, Insulin, Glucagon, Melatonin, Estrogen,A,,2,,,
103,6,,The process of a single parent organism splitting into two or more individuals is called:, Mutation, Adaptation, Budding, Homeostasis,C,,1,,,
103,10,,What is the main function of the endoplasmic reticulum in a cell?, Storage of genetic material, Protein synthesis, Packaging and distribution, Waste digestion,B,,2,,,
103,14,,"Which hormone is responsible for the ""fight or flight"" response in stressful situations?", Serotonin, Dopamine, Adrenaline, Testosterone,C,,1,,,
103,20,,The process by which plants convert carbon dioxide and water into glucose and oxygen is called:, Respiration, Fermentation, Photosynthesis, Transpiration,C,,3,,,
103,10,,Which organ is responsible for producing insulin and glucagon to regulate blood sugar levels?, Liver, Pancreas, Kidney, Heart,B,,2,,,
103,11,,The process by which cells become specialized for specific functions is called:, Differentiation, Reproduction, Adaptation, Homeostasis,A,,1,,,
103,15,,Which of the following is responsible for producing antibodies in response to infections?, Red blood cells, White blood cells, Platelets, Plasma cells,D,,2,,,
103,12,,The process by which water is lost from the surface of leaves in plants is called:, Photosynthesis, Respiration, Transpiration, Fermentation,C,,1,,,
103,1,,What is the main function of the Golgi apparatus in a cell?, Protein synthesis, Energy production, Packaging and distribution, Waste digestion,C,,1,,,
103,6,,Which of the following is responsible for transmitting electrical signals in the nervous system?, Hormones, Neurotransmitters, Enzymes, Antibodies,B,,2,,,
103,8,,The process by which animals go into a deep sleep during extreme cold is called:, Hibernation, Migration, Camouflage, Mimicry,A,,1,,,
103,19,,The process by which cells divide to produce gametes (sex cells) is called:, Mitosis, Meiosis, Fission, Budding,B,,2,,,
103,6,,What is the main function of the hypothalamus in the brain?, Control of balance and coordination, Regulation of body temperature, Processing of sensory information, Regulation of hunger and thirst,B,,1,,,
103,14,,The process by which plants convert carbon dioxide and water into glucose and oxygen is called:, Respiration, Fermentation, Photosynthesis, Transpiration,C,,3,,,
103,1,,Which hormone regulates the production of red blood cells in the bone marrow?, Insulin, Estrogen, Erythropoietin, Adrenaline,C,,1,,,
103,18,,The movement of water across a semipermeable membrane from an area of high concentration to low concentration is called:, Diffusion, Osmosis, Active transport, Filtration,B,,1,,,
103,20,,Which organ is responsible for detoxifying various metabolites and synthesizing proteins?, Liver, Kidney, Heart, Lungs,A,,1,,,
103,17,,The process by which cells break down glucose to produce ATP (energy) is known as:, Protein synthesis, Energy production, Photosynthesis, Respiration,D,,2,,,
103,6,,The process by which water is lost from the surface of leaves in plants is called:, Photosynthesis, Respiration, Transpiration, Fermentation,C,,1,,,
103,4,,Which hormone is responsible for regulating blood sugar levels in the body?, Insulin, Glucagon, Melatonin, Estrogen,A,,2,,,
103,11,,The process of a single parent organism splitting into two or more individuals is called:, Mutation, Adaptation, Budding, Homeostasis,C,,1,,,
103,20,,What is the main function of the endoplasmic reticulum in a cell?, Storage of genetic material, Protein synthesis, Packaging and distribution, Waste digestion,B,,2,,,
103,4,,"Which hormone is responsible for the ""fight or flight"" response in stressful situations?", Serotonin, Dopamine, Adrenaline, Testosterone,C,,1,,,
103,7,,The process by which plants convert carbon dioxide and water into glucose and oxygen is called:, Respiration, Fermentation, Photosynthesis, Transpiration,C,,3,,,
103,12,,Which organ is responsible for producing insulin and glucagon to regulate blood sugar levels?, Liver, Pancreas, Kidney, Heart,B,,2,,,
103,4,,The process by which cells become specialized for specific functions is called:, Differentiation, Reproduction, Adaptation, Homeostasis,A,,1,,,
103,11,,Which of the following is responsible for producing antibodies in response to infections?, Red blood cells, White blood cells, Platelets, Plasma cells,D,,2,,,
103,14,,The process by which water is lost from the surface of leaves in plants is called:, Photosynthesis, Respiration, Transpiration, Fermentation,C,,1,,,
103,8,,What is the main function of the Golgi apparatus in a cell?, Protein synthesis, Energy production, Packaging and distribution, Waste digestion,C,,1,,,
103,12,,Which of the following is responsible for transmitting electrical signals in the nervous system?, Hormones, Neurotransmitters, Enzymes, Antibodies,B,,2,,,
103,5,,The process by which animals go into a deep sleep during extreme cold is called:, Hibernation, Migration, Camouflage, Mimicry,A,,1,,,
103,18,,The process by which cells divide to produce gametes (sex cells) is called:, Mitosis, Meiosis, Fission, Budding,B,,2,,,
103,5,,What is the main function of the hypothalamus in the brain?, Control of balance and coordination, Regulation of body temperature, Processing of sensory information, Regulation of hunger and thirst,B,,1,,,
103,3,,The process by which plants convert carbon dioxide and water into glucose and oxygen is called:, Respiration, Fermentation, Photosynthesis, Transpiration,C,,3,,,
103,10,,Which hormone regulates the production of red blood cells in the bone marrow?, Insulin, Estrogen, Erythropoietin, Adrenaline,C,,1,,,
103,3,,The movement of water across a semipermeable membrane from an area of high concentration to low concentration is called:, Diffusion, Osmosis, Active transport, Filtration,B,,1,,,
103,12,,Which organ is responsible for detoxifying various metabolites and synthesizing proteins?, Liver, Kidney, Heart, Lungs,A,,1,,,
103,19,,The process by which cells break down glucose to produce ATP (energy) is known as:, Protein synthesis, Energy production, Photosynthesis, Respiration,D,,2,,,
103,4,,The process by which water is lost from the surface of leaves in plants is called:, Photosynthesis, Respiration, Transpiration, Fermentation,C,,1,,,
103,4,,Which hormone is responsible for regulating blood sugar levels in the body?, Insulin, Glucagon, Melatonin, Estrogen,A,,2,,,
103,10,,The process of a single parent organism splitting into two or more individuals is called:, Mutation, Adaptation, Budding, Homeostasis,C,,1,,,
103,1,,What is the main function of the endoplasmic reticulum in a cell?, Storage of genetic material, Protein synthesis, Packaging and distribution, Waste digestion,B,,2,,,
103,14,,"Which hormone is responsible for the ""fight or flight"" response in stressful situations?", Serotonin, Dopamine, Adrenaline, Testosterone,C,,1,,,
103,1,,The process by which plants convert carbon dioxide and water into glucose and oxygen is called:, Respiration, Fermentation, Photosynthesis, Transpiration,C,,3,,,
103,17,,Which organ is responsible for producing insulin and glucagon to regulate blood sugar levels?, Liver, Pancreas, Kidney, Heart,B,,2,,,
103,13,,The process by which cells become specialized for specific functions is called:, Differentiation, Reproduction, Adaptation, Homeostasis,A,,1,,,
103,8,,Which of the following is responsible for producing antibodies in response to infections?, Red blood cells, White blood cells, Platelets, Plasma cells,D,,2,,,
103,15,,The process by which water is lost from the surface of leaves in plants is called:, Photosynthesis, Respiration, Transpiration, Fermentation,C,,1,,,
103,7,,What is the main function of the Golgi apparatus in a cell?, Protein synthesis, Energy production, Packaging and distribution, Waste digestion,C,,1,,,
103,3,,Which of the following is responsible for transmitting electrical signals in the nervous system?, Hormones, Neurotransmitters, Enzymes, Antibodies,B,,2,,,
103,19,,The process by which animals go into a deep sleep during extreme cold is called:, Hibernation, Migration, Camouflage, Mimicry,A,,1, ,,
103,14,,The process by which cells divide to produce gametes (sex cells) is called:, Mitosis, Meiosis, Fission, Budding,B,,2,,,
103,12,,What is the main function of the hypothalamus in the brain?, Control of balance and coordination, Regulation of body temperature, Processing of sensory information, Regulation of hunger and thirst,B,,1,,,
103,15,,The process by which plants convert carbon dioxide and water into glucose and oxygen is called:, Respiration, Fermentation, Photosynthesis, Transpiration,C,,3,,,
103,17,,What is the process by which plants convert carbon dioxide and water into glucose and oxygen?, Photosynthesis, Respiration, Transpiration, Fermentation,A,,1,,,
103,13,,Which organ is responsible for filtering waste products from the blood and producing urine?, Liver, Kidney, Heart, Lungs,B,,1,,,
103,19,,What is the primary function of the mitochondria in a cell?, Energy production, Protein synthesis, Waste digestion, Photosynthesis,A,,2,,,
103,10,,Which of the following is responsible for transmitting electrical signals in the nervous system?, Hormones, Neurotransmitters, Enzymes, Antibodies,B,,1,,,
103,15,,What is the main function of the Golgi apparatus in a cell?, Protein synthesis, Energy production, Packaging and distribution, Waste digestion,C,,2,,,
103,4,,The process by which water is lost from the surface of leaves in plants is called:, Photosynthesis, Respiration, Transpiration, Fermentation,C,,1,,,
103,17,,Which of the following is NOT a function of the liver?, Detoxification, Carbohydrate storage, Protein synthesis, Waste digestion,D,,2,,,
103,20,,What is the process by which cells break down glucose to produce ATP (energy)?, Photosynthesis, Respiration, Fermentation, Transpiration,B,,1,,,
103,10,,Which of the following is responsible for producing insulin in the body?, Liver, Pancreas, Kidney, Heart,B,,3,,,
103,12,,What is the main function of the endoplasmic reticulum in a cell?, Storage of genetic material, Protein synthesis, Packaging and distribution, Waste digestion,B,,2,,,
103,1,,Which hormone is responsible for the fight or flight response in stressful situations?, Serotonin, Dopamine, Adrenaline, Testosterone,C,,1,,,
103,14,,The process by which plants convert carbon dioxide and water into glucose and oxygen is called:, Photosynthesis, Respiration, Transpiration, Fermentation,A,,3,,,
103,4,,Which organ is responsible for filtering waste products from the blood and producing urine?, Liver, Kidney, Heart, Lungs,B,,1,,,
103,17,,What is the primary function of the mitochondria in a cell?, Energy production, Protein synthesis, Waste digestion, Photosynthesis,A,,2,,,
103,9,,Which of the following is responsible for transmitting electrical signals in the nervous system?, Hormones, Neurotransmitters, Enzymes, Antibodies,B,,1,,,
103,18,,What is the main function of the Golgi apparatus in a cell?, Protein synthesis, Energy production, Packaging and distribution, Waste digestion,C,,2,,,
103,3,,The process by which water is lost from the surface of leaves in plants is called:, Photosynthesis, Respiration, Transpiration, Fermentation,C,,1,,,
103,1,,Which of the following is NOT a function of the liver?, Detoxification, Carbohydrate storage, Protein synthesis, Waste digestion,D,,2,,,
103,16,,What is the process by which cells break down glucose to produce ATP (energy)?, Photosynthesis, Respiration, Fermentation, Transpiration,B,,1,,,
103,9,,Which of the following is responsible for producing insulin in the body?, Liver, Pancreas, Kidney, Heart,B,,3,,,
103,7,,What is the main function of the endoplasmic reticulum in a cell?, Storage of genetic material, Protein synthesis, Packaging and distribution, Waste digestion,B,,2,,,
103,14,,Which hormone is responsible for the fight or flight response in stressful situations?, Serotonin, Dopamine, Adrenaline, Testosterone,C,,1,,,
103,18,,The process by which plants convert carbon dioxide and water into glucose and oxygen is called:, Photosynthesis, Respiration, Transpiration, Fermentation,A,,3,,,
103,4,,Which organ is responsible for filtering waste products from the blood and producing urine?, Liver, Kidney, Heart, Lungs,B,,1,,,
103,12,,What is the primary function of the mitochondria in a cell?, Energy production, Protein synthesis, Waste digestion, Photosynthesis,A,,2,,,
103,10,,Which of the following is responsible for transmitting electrical signals in the nervous system?, Hormones, Neurotransmitters, Enzymes, Antibodies,B,,1,,,
103,19,,What is the main function of the Golgi apparatus in a cell?, Protein synthesis, Energy production, Packaging and distribution, Waste digestion,C,,2,,,
103,4,,The process by which water is lost from the surface of leaves in plants is called:, Photosynthesis, Respiration, Transpiration, Fermentation,C,,1,,,
103,14,,Which of the following is NOT a function of the liver?, Detoxification, Carbohydrate storage, Protein synthesis, Waste digestion,D,,2,,,
103,20,,What is the process by which cells break down glucose to produce ATP (energy)?, Photosynthesis, Respiration, Fermentation, Transpiration,B,,1,,,
103,7,,Which of the following is responsible for producing insulin in the body?, Liver, Pancreas, Kidney, Heart,B,,3,,,
103,2,,What is the main function of the endoplasmic reticulum in a cell?, Storage of genetic material, Protein synthesis, Packaging and distribution, Waste digestion,B,,2,,,
103,18,,Which hormone is responsible for the fight or flight response in stressful situations?, Serotonin, Dopamine, Adrenaline, Testosterone,C,,1,,,
103,9,,The process by which plants convert carbon dioxide and water into glucose and oxygen is called:, Photosynthesis, Respiration, Transpiration, Fermentation,A,,3,,,
103,15,,Which organ is responsible for filtering waste products from the blood and producing urine?, Liver, Kidney, Heart, Lungs,B,,1,,,
103,7,,What is the primary function of the mitochondria in a cell?, Energy production, Protein synthesis, Waste digestion, Photosynthesis,A,,2,,,
103,1,,Which of the following is responsible for transmitting electrical signals in the nervous system?, Hormones, Neurotransmitters, Enzymes, Antibodies,B,,1,,,
103,18,,What is the main function of the Golgi apparatus in a cell?, Protein synthesis, Energy production, Packaging and distribution, Waste digestion,C,,2,,,
103,3,,The process by which water is lost from the surface of leaves in plants is called:, Photosynthesis, Respiration, Transpiration, Fermentation,C,,1,,,
103,16,,Which of the following is NOT a function of the liver?, Detoxification, Carbohydrate storage, Protein synthesis, Waste digestion,D,,2,,,
103,14,,What is the process by which cells break down glucose to produce ATP (energy)?, Photosynthesis, Respiration, Fermentation, Transpiration,B,,1,,,
103,9,,Which of the following is responsible for producing insulin in the body?, Liver, Pancreas, Kidney, Heart,B,,3,,,
103,12,,What is the main function of the endoplasmic reticulum in a cell?, Storage of genetic material, Protein synthesis, Packaging and distribution, Waste digestion,B,,2,,,
103,1,,Which hormone is responsible for the fight or flight response in stressful situations?, Serotonin, Dopamine, Adrenaline, Testosterone,C,,1,,,
103,14,,The process by which plants convert carbon dioxide and water into glucose and oxygen is called:, Photosynthesis, Respiration, Transpiration, Fermentation,A,,3,,,
103,4,,Which organ is responsible for filtering waste products from the blood and producing urine?, Liver, Kidney, Heart, Lungs,B,,1,,,
103,12,,What is the primary function of the mitochondria in a cell?, Energy production, Protein synthesis, Waste digestion, Photosynthesis,A,,2,,,
103,9,,Which of the following is responsible for transmitting electrical signals in the nervous system?, Hormones, Neurotransmitters, Enzymes, Antibodies,B,,1,,,
103,18,,What is the main function of the Golgi apparatus in a cell?, Protein synthesis, Energy production, Packaging and distribution, Waste digestion,C,,2,,,
103,3,,The process by which water is lost from the surface of leaves in plants is called:, Photosynthesis, Respiration, Transpiration, Fermentation,C,,1,,,
103,1,,Which of the following is NOT a function of the liver?, Detoxification, Carbohydrate storage, Protein synthesis, Waste digestion,D,,2,,,
103,16,,What is the process by which cells break down glucose to produce ATP (energy)?, Photosynthesis, Respiration, Fermentation, Transpiration,B,,1,,,
103,9,,Which of the following is responsible for producing insulin in the body?, Liver, Pancreas, Kidney, Heart,B,,3,,,
103,7,,What is the main function of the endoplasmic reticulum in a cell?, Storage of genetic material, Protein synthesis, Packaging and distribution, Waste digestion,B,,2,,,
103,14,,Which hormone is responsible for the fight or flight response in stressful situations?, Serotonin, Dopamine, Adrenaline, Testosterone,C,,1,,,
103,18,,The process by which plants convert carbon dioxide and water into glucose and oxygen is called:, Photosynthesis, Respiration, Transpiration, Fermentation,A,,3,,,
103,4,,Which organ is responsible for filtering waste products from the blood and producing urine?, Liver, Kidney, Heart, Lungs,B,,1,,,
103,12,,What is the primary function of the mitochondria in a cell?, Energy production, Protein synthesis, Waste digestion, Photosynthesis,A,,2,,,
103,10,,Which of the following is responsible for transmitting electrical signals in the nervous system?, Hormones, Neurotransmitters, Enzymes, Antibodies,B,,1,,,
103,19,,What is the main function of the Golgi apparatus in a cell?, Protein synthesis, Energy production, Packaging and distribution, Waste digestion,C,,2,,,
103,5,,The process by which water is lost from the surface of leaves in plants is called:, Photosynthesis, Respiration, Transpiration, Fermentation,C,,1,,,
103,14,,Which of the following is NOT a function of the liver?, Detoxification, Carbohydrate storage, Protein synthesis, Waste digestion,D,,2,,,
103,10,,What is the process by which cells break down glucose to produce ATP (energy)?, Photosynthesis, Respiration, Fermentation, Transpiration,B,,1,,,
103,3,,Which of the following is responsible for producing insulin in the body?, Liver, Pancreas, Kidney, Heart,B,,3,,,
103,2,,What is the main function of the endoplasmic reticulum in a cell?, Storage of genetic material, Protein synthesis, Packaging and distribution, Waste digestion,B,,2,,,
103,20,,Which hormone is responsible for the fight or flight response in stressful situations?, Serotonin, Dopamine, Adrenaline, Testosterone,C,,1,,,
103,5,,The process by which plants convert carbon dioxide and water into glucose and oxygen is called:, Photosynthesis, Respiration, Transpiration, Fermentation,A,,3,,,
103,9,,Which organ is responsible for filtering waste products from the blood and producing urine?, Liver, Kidney, Heart, Lungs,B,,1,,,
103,19,,What is the primary function of the mitochondria in a cell?, Energy production, Protein synthesis, Waste digestion, Photosynthesis,A,,2,,,
103,10,,Which of the following is responsible for transmitting electrical signals in the nervous system?, Hormones, Neurotransmitters, Enzymes, Antibodies,B,,1,,,
103,15,,What is the main function of the Golgi apparatus in a cell?, Protein synthesis, Energy production, Packaging and distribution, Waste digestion,C,,2,,,
103,1,,The process by which water is lost from the surface of leaves in plants is called:, Photosynthesis, Respiration, Transpiration, Fermentation,C,,1,,,
103,7,,Which of the following is NOT a function of the liver?, Detoxification, Carbohydrate storage, Protein synthesis, Waste digestion,D,,2,,,
103,12,,What is the process by which cells break down glucose to produce ATP (energy)?, Photosynthesis, Respiration, Fermentation, Transpiration,B,,1,,,
103,19,,Which of the following is responsible for producing insulin in the body?, Liver, Pancreas, Kidney, Heart,B,,3,,,
103,2,,What is the main function of the endoplasmic reticulum in a cell?, Storage of genetic material, Protein synthesis, Packaging and distribution, Waste digestion,B,,2,,,
103,18,,Which hormone is responsible for the fight or flight response in stressful situations?, Serotonin, Dopamine, Adrenaline, Testosterone,C,,1,,,
103,12,,The process by which plants convert carbon dioxide and water into glucose and oxygen is called:, Photosynthesis, Respiration, Transpiration, Fermentation,A,,3,,,
103,4,,Which organ is responsible for filtering waste products from the blood and producing urine?, Liver, Kidney, Heart, Lungs,B,,1,,,
103,19,,What is the primary function of the mitochondria in a cell?, Energy production, Protein synthesis, Waste digestion, Photosynthesis,A,,2,,,
103,3,,Which of the following is responsible for transmitting electrical signals in the nervous system?, Hormones, Neurotransmitters, Enzymes, Antibodies,B,,1,,,
103,18,,What is the main function of the Golgi apparatus in a cell?, Protein synthesis, Energy production, Packaging and distribution, Waste digestion,C,,2,,,
103,4,,The process by which water is lost from the surface of leaves in plants is called:, Photosynthesis, Respiration, Transpiration, Fermentation,C,,1,,,
103,16,,Which of the following is NOT a function of the liver?, Detoxification, Carbohydrate storage, Protein synthesis, Waste digestion,D,,2,,,
103,14,,What is the process by which cells break down glucose to produce ATP (energy)?, Photosynthesis, Respiration, Fermentation, Transpiration,B,,1,,,
103,7,,Which of the following is responsible for producing insulin in the body?, Liver, Pancreas, Kidney, Heart,B,,3,,,
103,20,,What is the main function of the endoplasmic reticulum in a cell?, Storage of genetic material, Protein synthesis, Packaging and distribution, Waste digestion,B,,2,,,
103,11,,Which hormone is responsible for the fight or flight response in stressful situations?, Serotonin, Dopamine, Adrenaline, Testosterone,C,,1,,,
103,10,,The process by which plants convert carbon dioxide and water into glucose and oxygen is called:, Photosynthesis, Respiration, Transpiration, Fermentation,A,,3,,,
103,5,,Which organ is responsible for filtering waste products from the blood and producing urine?, Liver, Kidney, Heart, Lungs,B,,1,,,
103,9,,What is the primary function of the mitochondria in a cell?, Energy production, Protein synthesis, Waste digestion, Photosynthesis,A,,2,,,
103,18,,Which of the following is responsible for transmitting electrical signals in the nervous system?, Hormones, Neurotransmitters, Enzymes, Antibodies,B,,1,,,
103,2,,What is the main function of the Golgi apparatus in a cell?, Protein synthesis, Energy production, Packaging and distribution, Waste digestion,C,,2,,,
103,20,,The process by which water is lost from the surface of leaves in plants is called:, Photosynthesis, Respiration, Transpiration, Fermentation,C,,1,,,
103,1,,Which of the following is NOT a function of the liver?, Detoxification, Carbohydrate storage, Protein synthesis, Waste digestion,D,,2,,,
103,14,,What is the process by which cells break down glucose to produce ATP (energy)?, Photosynthesis, Respiration, Fermentation, Transpiration,B,,1,,,
103,10,,Which of the following is responsible for producing insulin in the body?, Liver, Pancreas, Kidney, Heart,B,,3,,,
103,2,,What is the main function of the endoplasmic reticulum in a cell?, Storage of genetic material, Protein synthesis, Packaging and distribution, Waste digestion,B,,2,,,
103,18,,Which hormone is responsible for the fight or flight response in stressful situations?, Serotonin, Dopamine, Adrenaline, Testosterone,C,,1,,,
103,20,,The process by which plants convert carbon dioxide and water into glucose and oxygen is called:, Photosynthesis, Respiration, Transpiration, Fermentation,A,,3,,,
