user_id,user_name,password,role,email_id,phone_no,profile_picture
,John Smith,34814888,question manager,john smith@gmail.com,4487645579,
,Sarah Johnson,10771550,sme,sarah johnson@gmail.com,5817530539,
,Michael Brown,70165791,examiner,michael brown@gmail.com,5122054285,
,Emily Davis,36686853,student,emily davis@gmail.com,8862927031,
,David Wilson,21170764,question manager,david wilson@gmail.com,7268723638,
,Olivia Moore,47541804,student,olivia moore@gmail.com,5795729387,
,Daniel Thompson,59317686,sme,daniel thompson@gmail.com,5095030480,
,Sophia Roberts,38203403,examiner,sophia roberts@gmail.com,5704977801,
,Ethan Taylor,26286029,student,ethan taylor@gmail.com,8720968019,
,Emma Anderson,73219093,question manager,emma anderson@gmail.com,6209405614,
,Benjamin Clark,98498822,student,benjamin clark@gmail.com,1567783995,
,Ava Walker,18024319,question manager,ava walker@gmail.com,4939954126,
,Noah Lewis,53348863,examiner,noah lewis@gmail.com,5810895095,
,Mia Hall,76906399,sme,mia hall@gmail.com,7289946803,
,Ethan Rodriguez,26562576,student,ethan rodriguez@gmail.com,3873690143,
,Isabella Young,49760155,question manager,isabella young@gmail.com,2835646662,
,James Scott,61092995,sme,james scott@gmail.com,9733324327,
,Sophia Morris,20729014,examiner,sophia morris@gmail.com,3070316932,
,Alexander Green,88676473,student,alexander green@gmail.com,6803644731,
,Charlotte Hill,18145166,question manager,charlotte hill@gmail.com,6562667052,
,Liam Baker,86218996,student,liam baker@gmail.com,1435074832,
,Harper Cook,42138436,question manager,harper cook@gmail.com,3023977252,
,Logan Turner,25898989,examiner,logan turner@gmail.com,7158067149,
,Amelia Adams,56803574,sme,amelia adams@gmail.com,8393929086,
,Henry Price,28321849,student,henry price@gmail.com,7565597043,
,Chloe Griffin,34702490,examiner,chloe griffin@gmail.com,9776062033,
,Samuel Hayes,68342750,question manager,samuel hayes@gmail.com,8699782938,
,Evelyn Ward,90364310,student,evelyn ward@gmail.com,3272765227,
,Jackson Powell,76654991,sme,jackson powell@gmail.com,6835775737,
,Lily Foster,63705259,question manager,lily foster@gmail.com,2216125286,
,Gabriel Simmons,17860771,student,gabriel simmons@gmail.com,5909259534,
,Grace Murphy,45637261,examiner,grace murphy@gmail.com,6022021866,
,Ryan Bennett,87926230,question manager,ryan bennett@gmail.com,2921136513,
,Zoey Sullivan,49045953,student,zoey sullivan@gmail.com,5588626095,
,Caleb Foster,69550998,examiner,caleb foster@gmail.com,5550059880,
,Harper Myers,30893432,question manager,harper myers@gmail.com,4602557955,
,Benjamin Cook,94453280,student,benjamin cook@gmail.com,5919762949,
,Victoria Reed,49624774,question manager,victoria reed@gmail.com,3873541608,
,Daniel Morgan,65587801,examiner,daniel morgan@gmail.com,7570240823,
,Natalie Rogers,66539458,sme,natalie rogers@gmail.com,4146631593,
,Noah Thompson,15266982,student,noah thompson@gmail.com,4446861670,
,Emily Ward,22092288,examiner,emily ward@gmail.com,8343923896,
,Oliver Adams,25261975,question manager,oliver adams@gmail.com,4894839716,
,Ava Walker,81942055,student,ava walker@gmail.com,9928500802,
,Mia Brooks,65586001,question manager,mia brooks@gmail.com,9147897546,
,Ethan Rodriguez,29515833,sme,ethan rodriguez@gmail.com,9107936921,
,Isabella Young,60190897,examiner,isabella young@gmail.com,3658061808,
,James Scott,97237590,student,james scott@gmail.com,7640220613,
,Sophia Morris,73956341,question manager,sophia morris@gmail.com,3514853138,
,Alexander Green,25023214,sme,alexander green@gmail.com,6906216527,
